brand_name,item_name,brand_id,item_id,upc,item_type,item_description,nf_ingredient_statement,nf_calories,nf_total_fat,nf_saturated_fat,nf_trans_fatty_acid,nf_polyunsaturated_fat,nf_monounsaturated_fat,nf_cholesterol,nf_sodium,nf_total_carbohydrate,nf_dietary_fiber,nf_sugars,nf_protein,nf_potassium,nf_vitamin_d_mcg,nf_calcium_mg,nf_iron_mg,nf_added_sugars,gs1_class,gs1_brick,nutritionix_tag_id,nf_servings_per_container,nf_serving_size_qty,nf_serving_size_unit,nf_serving_weight_grams,metric_qty,metric_uom,images_front_full_url,updated_at,section_ids,nfp_2020,scans_30day,taxonomy_node_id,nf_sugar_alcohol,nf_erythritol,nf_allulose,nf_glycerin,nf_xylitol,nf_sorbitol,nf_mannitol,nf_maltitol,nf_isomalt,nf_lactitol
1st Endurance,"Sports Drink, Energizing, Orange Splash",51db37cd176fe9790a899af8,51c357bb97c3e69de4afef08,800037,2,"Energizing, Orange Splash","AjiPure Amino Acid Blend: L-Glutamine, Leucine, Iso-Leucine, Valine. Other Ingredients: Complex Carbohydrates, Sucrose, Dextrose, AjiPure Amino Acid Blend (L-Glutamine, Leucine, Iso-Leucine, Valine), Electrolyte Blend (Chloride, Sodium, Potassium, Magnesium, Calcium), Citric Acid, Natural Flavors, Ascorbic Acid.",96,0,null,null,null,null,0,null,24,null,16,null,null,null,null,null,null,null,null,null,25,1,scoop,32,32,g,null,2020-11-06 16:11:59,null,null,1,87cfa0ba-8b9e-479b-b3c8-34e35b7d308b,null,null,null,null,null,null,null,null,null,null
Reed's,"Ginger Beer, Jamaican Style",51db37e8176fe9790a89a730,51c357ef97c3e69de4aff110,8274000078,2,Jamaican Style,"SPARKLING FILTERED WATER, CANE SUGAR, PINEAPPLE JUICE FROM CONCENTRATE, HONEY, GINGER ROOT, LEMON AND LIME JUICES FROM CONCENTRATE, SPICES",130,0,null,null,null,null,null,5,33,null,33,0,null,null,null,null,null,null,null,null,1,12,fl oz,339.6,355,ml,https://nutritionix-api.s3.amazonaws.com/59686f880a71877c18568b08.jpeg,2021-09-14 18:03:14,null,null,46,f1cad408-6aeb-4075-9917-18beb06fdd9f,null,null,null,null,null,null,null,null,null,null
Slimfast,"Protein Shake Mix, Original",54c340d4c7d702fe1c98deb7,51c3581097c3e69de4aff1c3,8346026357,2,Chocolate Royale,"SUGAR, COCOA (PROCESSED WITH ALKALI), HIGH OLEIC SUNFLOWER OIL, MALTODEXTRIN, GUM ARABIC, CELLULOSE GEL, BUTTERMILK POWDER, MILK PROTEIN CONCENTRATE, SOY FIBER, XANTHAN GUM, SOY LECITHIN, SODIUM PHOSPHATE, SALT, ARTIFICIAL FLAVOR, CARRAGEENAN, DEXTROSE, POTASSIUM PHOSPHATE, GUAR GUM, ACESULFAME POTASSIUM, ASPARTAME. VITAMINS AND MINERALS: CALCIUM CARBONATE, MAGNESIUM OXIDE, CALCIUM PHOSPHATE, SODIUM ASCORBATE, VITAMIN E ACETATE, FERRIC ORTHOPHOSPHATE, NIACINAMIDE, ZINC OXIDE, CALCIUM PANTOTHENATE, MANGANESE SULFATE, PYRIDOXINE HYDROCHLORIDE, THIAMIN MONONITRATE, VITAMIN A PALMITATE, CHROMIUM CHLORIDE, RIBOFLAVIN, BIOTIN, COPPER GLUCONATE, FOLIC ACID, SODIUM MOLYBDATE, SODIUM SELENITE, PHYTONADIONE (VITAMIN K1), POTASSIUM IODIDE, CHOLECALCIFEROL (VITAMIN D3), AND CYANOCOBALAMIN (VITAMIN B12).",110,4,0.5,0,null,null,2.5,130,18,4,10,2,200,5,260,5.4,null,null,null,null,14,0.25,cup,26,26,g,https://nutritionix-api.s3.amazonaws.com/5cc0c4d492cdd7a10d02661b.jpeg,2021-09-14 18:03:15,null,null,48,5aa00750-f3f0-4748-89d4-d212b9c0384d,null,null,null,null,null,null,null,null,null,null
Butternut Mountain Farm,"Maple Syrup, Pure Vermont",51db37e8176fe9790a89a72f,51c3584f97c3e69de4aff2a8,8577000492,2,Pure Vermont,Pure Maple Syrup.,200,0,null,null,null,null,null,5,53,null,53,0,null,null,null,null,null,null,null,null,4,4,Tbsp,null,60,ml,null,2021-03-23 13:46:09,null,null,4,68a458ed-1d20-4831-b7ca-9c65770ffd88,null,null,null,null,null,null,null,null,null,null
Mt Olive,"Pickles, Sweet Relish",51db37e9176fe9790a89a7a5,51c3586297c3e69de4aff307,9300000079,2,null,"Cucumbers, Corn Syrup, High Fructose Corn Syrup, Vinegar, Salt, Water, Dehydrated Red Bell Pepper, Sodium Benzoate (Preservative), Alum, Xanthan Gum, Calcium Chloride (Firming Agent), Natural Flavors, Polysorbate 80, and Yellow 5.",20,0,null,null,null,null,null,120,5,null,4,0,null,null,null,null,4,null,null,null,16,1,tbsp,15,15,g,https://assets.syndigo.com/0f1d03a2-6ffa-4421-b48b-2ca96d19728d,2023-03-15 08:05:01,null,false,98,5afab0eb-0fd0-4a7c-abc8-fa43932340cf,null,null,null,null,null,null,null,null,null,null
Mt Olive,"Jalapeno Peppers, Diced",51db37e9176fe9790a89a7a5,51c3586297c3e69de4aff308,9300000161,2,null,"Jalapeno Peppers, Water, Vinegar, Salt, Dehydrated Onions, Dehydrated Garlic, Calcium Chloride (Firming Agent), Sodium Benzoate (Preservative), and Yellow 5.",0,0,null,null,null,null,null,270,0.5,null,null,0,null,null,null,null,null,null,null,null,24,1,tbsp,15,15,g,https://assets.syndigo.com/96d66fb0-ffe9-4c27-b101-d9be12391aff,2023-03-15 08:03:53,null,false,551,5afab0eb-0fd0-4a7c-abc8-fa43932340cf,null,null,null,null,null,null,null,null,null,null
Mt Olive,"Relish, Dill",51db37e9176fe9790a89a7a5,51c3586297c3e69de4aff30a,9300000109,2,null,"Cucumbers, Water, Vinegar, Salt, Dehydrated Red Bell Pepper, Calcium Chloride (Firming Agent), Alum, Xanthan Gum, Sodium Benzoate (Preservative), Natural Flavors, Polysorbate 80, and Yellow 5.",0,0,null,null,null,null,null,180,0.5,null,null,0,null,null,null,null,null,null,null,null,16,1,tbsp,15,15,g,https://assets.syndigo.com/09fc870d-1759-4881-98a3-4015b36210e7,2023-03-15 08:04:50,null,false,148,5afab0eb-0fd0-4a7c-abc8-fa43932340cf,null,null,null,null,null,null,null,null,null,null
Mt Olive,Dill Relish,51db37e9176fe9790a89a7a5,51c3586397c3e69de4aff30d,9300000345,2,null,"Cucumbers, Water, Vinegar, Salt, Dehydrated Red Bell Pepper, Calcium Chloride (Firming Agent), Alum, Xanthan Gum, Sodium Benzoate (Preservative), Natural Flavors, Polysorbate 80 and Yellow 5.",0,0,null,null,null,null,null,180,0.5,null,null,0,null,null,null,null,null,null,null,null,33,1,tbsp,15,15,g,https://assets.syndigo.com/c6f1517a-55ad-448e-92cb-42486ef0d0bf,2023-03-15 08:03:59,null,false,69,e01d1ad4-5ddb-4625-8740-60d17607a91a,null,null,null,null,null,null,null,null,null,null
Mt Olive,"Pickles, Hamburger Dill Chips",51db37e9176fe9790a89a7a5,51c3586497c3e69de4aff311,9300000383,2,null,"Cucumber, Water, Vinegar, Salt, Calcium Chloride (Firming Agent), Sodium Benzoate (Preservative), Alum, Natural Flavors, Polysorbate 80, and Yellow 5.",0,0,null,null,null,null,null,330,0.5,null,null,0,null,null,null,null,null,null,null,null,10,1,oz,28,28,g,https://assets.syndigo.com/064a2a58-a412-4ce3-b41f-773ba4a3b07d,2023-03-15 08:04:35,null,false,406,5afab0eb-0fd0-4a7c-abc8-fa43932340cf,null,null,null,null,null,null,null,null,null,null
Mt Olive,"Pickles, Sweet Gherkins",51db37e9176fe9790a89a7a5,51c3586597c3e69de4aff313,9300000482,2,null,"Cucumbers, High Fructose Corn Syrup, Water, Vinegar, Salt, Calcium Chloride (Firming Agent), Alum, Sodium Benzoate (Preservative), Natural Flavors, Polysorbate 80, and Yellow 5.",40,0,null,null,null,null,null,170,9,null,9,0,null,null,null,null,9,null,null,null,10,1,oz,28,28,g,https://assets.syndigo.com/ef45ae17-4321-4c31-8248-0aaa7fcc00ea,2023-03-15 08:04:41,null,false,141,5afab0eb-0fd0-4a7c-abc8-fa43932340cf,null,null,null,null,null,null,null,null,null,null
Mt Olive,"Pickles, Kosher Hamburger Dill Chips",51db37e9176fe9790a89a7a5,51c3586697c3e69de4aff319,9300000741,2,null,"Cucumbers, Water, Vinegar, Salt, Calcium Chloride (Firming Agent), Sodium Benzoate (Preservative), Natural Flavors, Polysorbate 80, and Yellow 5.",0,0,null,null,null,null,null,260,0.5,null,null,0,null,null,null,null,null,null,null,null,10,1,oz,28,28,g,https://assets.syndigo.com/7c53d388-1a06-4db4-a100-9123868fdc91,2023-03-15 08:06:57,null,false,47,45295530-13ab-4a48-a456-e43936bf7b1c,null,null,null,null,null,null,null,null,null,null
Mt Olive,"Pickles, Kosher Dill, Spears",51db37e9176fe9790a89a7a5,51c3586697c3e69de4aff31e,9300000802,2,null,"Cucumbers, Water, Vinegar, Salt, Calcium Chloride (Firming Agent), Sodium Benzoate (Preservative), Natural Flavors, Polysorbate 80, and Yellow 5.",0,0,null,null,null,null,null,260,0.5,null,null,0,null,null,null,null,null,null,null,null,15,1,oz,28,28,g,https://assets.syndigo.com/2aee95ca-969d-40df-ae1b-fa32cda8f9c8,2023-03-15 08:07:14,null,false,725,5afab0eb-0fd0-4a7c-abc8-fa43932340cf,null,null,null,null,null,null,null,null,null,null
Mt Olive,"Pickles, Kosher Baby Dills",51db37e9176fe9790a89a7a5,51c3586797c3e69de4aff320,9300000710,2,null,"Cucumbers, Water, Vinegar, Salt, Calcium Chloride (Firming Agent), Sodium Benzoate (Preservative), Natural Flavors, Polysorbate 80, and Yellow 5.",0,0,null,null,null,null,null,260,0.5,null,null,0,null,null,null,null,null,null,null,null,10,1,oz,28,28,g,https://assets.syndigo.com/215e8f2c-fcd5-46a7-a6cf-76e68791c75e,2023-03-15 08:04:23,null,false,9,5afab0eb-0fd0-4a7c-abc8-fa43932340cf,null,null,null,null,null,null,null,null,null,null
Mt Olive,"Pickles, Kosher Dills",51db37e9176fe9790a89a7a5,51c3586797c3e69de4aff323,9300000864,2,null,"Cucumbers, Water, Vinegar, Salt, Calcium Chloride (Firming Agent), Sodium Benzoate (Preservative), Natural Flavors, Polysorbate 80, and Yellow 5.",5,0,null,null,null,null,null,260,0.5,null,null,0,null,null,null,null,null,null,null,null,30,1,oz,28,28,g,https://assets.syndigo.com/07bcc131-35d0-4ed2-a626-9271e86a93ec,2023-03-15 08:05:19,null,false,138,5afab0eb-0fd0-4a7c-abc8-fa43932340cf,null,null,null,null,null,null,null,null,null,null
Mt Olive,"Pickles, No Sugar Added, Bread & Butter Chips",51db37e9176fe9790a89a7a5,51c3586997c3e69de4aff329,9300001090,2,null,"Cucumbers, Water, Vinegar, Salt, Mustard Seeds, Onion Flakes, Calcium Chloride (Firming Agent), Sodium Benzoate (Preservative), Sucralose, Celery Seeds, Xanthan Gum, and Yellow 5.",0,0,null,null,null,null,null,220,0.5,null,null,0,null,null,null,null,null,null,null,null,10,1,oz,28,28,g,https://assets.syndigo.com/5de1f011-036e-48b5-92b7-621acee07b25,2023-03-15 08:06:37,null,false,378,45295530-13ab-4a48-a456-e43936bf7b1c,null,null,null,null,null,null,null,null,null,null
Mt Olive,"Sweet Relish, No Sugar Added",51db37e9176fe9790a89a7a5,51c3586997c3e69de4aff32b,9300001069,2,"Sweet, No Sugar Added","Cucumbers, Water, Vinegar, Salt, Sucralose (Splenda Brand), Xanthan Gum, Red Bell Pepper, Sodium Benzoate (0.1%) (Preservative), Calcium Chloride, Alum, Natural Flavors, Polysorbate 80, and Yellow 5.",0,0,null,null,null,null,null,120,0,null,null,0,null,null,null,null,null,null,null,null,33,1,tbsp,15,15,g,https://nutritionix-api.s3.amazonaws.com/63a2e79be3a14b00086f3f8e.jpeg,2022-12-21 11:01:47,null,true,186,e01d1ad4-5ddb-4625-8740-60d17607a91a,null,null,null,null,null,null,null,null,null,null
Mt Olive,"Pickles, Sweet Gherkins",51db37e9176fe9790a89a7a5,51c3586997c3e69de4aff32c,9300001083,2,null,"Cucumbers, Water, Vinegar, Salt, Calcium Chloride (Firming Agent), Sodium Benzoate (Preservative), Alum, Sucralose, Natural Flavors, Xanthan Gum, Polysorbate 80, and Yellow 5.",0,0,null,null,null,null,null,170,0,null,null,0,null,null,null,null,null,null,null,null,10,1,oz,28,28,g,https://assets.syndigo.com/671ec020-e213-4d7f-9abf-669a667b0690,2023-03-15 08:04:03,null,false,237,5afab0eb-0fd0-4a7c-abc8-fa43932340cf,null,null,null,null,null,null,null,null,null,null
Mt Olive,"Pickles, Kosher Dills",51db37e9176fe9790a89a7a5,51c3586a97c3e69de4aff32d,9300001809,2,null,"Cucumbers, Water, Vinegar, Salt, Calcium Chloride (Firming Agent), Sodium Benzoate (Preservative), Natural Flavors, Polysorbate 80, and Yellow 5.",0,0,null,null,null,null,null,260,0.5,null,null,0,null,null,null,null,null,null,null,null,50,1,oz,28,28,g,https://assets.syndigo.com/1972a728-1126-45c3-a009-23809b120cfd,2023-03-15 08:06:25,null,false,189,45295530-13ab-4a48-a456-e43936bf7b1c,null,null,null,null,null,null,null,null,null,null
Mt Olive,"Banana Pepper Rings, Mild",51db37e9176fe9790a89a7a5,51c3586a97c3e69de4aff32e,9300001021,2,null,"Banana Peppers, Water, Vinegar, Salt, Calcium Chloride (Firming Agent), Sodium Benzoate (Preservative), Polysorbate 80, Sodium Bisulfite (Preservative), and Turmeric (for Color).",5,0,null,null,null,null,null,330,0.5,null,null,0,null,null,null,null,null,null,null,null,6,1,oz,28,28,g,https://assets.syndigo.com/80695ba8-f8d8-4a6d-bebc-38bdddc8a4e4,2023-03-15 08:04:28,null,false,258,5afab0eb-0fd0-4a7c-abc8-fa43932340cf,null,null,null,null,null,null,null,null,null,null
Mt Olive,"Pickles, Kosher Dill",51db37e9176fe9790a89a7a5,51c3586d97c3e69de4aff339,9300003308,2,null,"Cucumbers, Water, Vinegar, Salt, Calcium Chloride (Firming Agent), Sodium Benzoate (Preservative), Natural Flavors, Polysorbate 80, and Yellow 5.",0,0,null,null,null,null,null,310,0.5,null,null,0,null,null,null,null,null,null,null,null,15,1,oz,28,28,g,https://assets.syndigo.com/8f5eecf4-b127-407a-9195-b1b4361c8392,2023-03-15 08:08:20,null,false,49,5afab0eb-0fd0-4a7c-abc8-fa43932340cf,null,null,null,null,null,null,null,null,null,null
Mt Olive,"Pickles, Kosher Dill, Petite Snack Crunchers",51db37e9176fe9790a89a7a5,51c3586d97c3e69de4aff33a,9300003346,2,null,"Cucumbers, Water, Vinegar, Salt, Calcium Chloride (Firming Agent), Sodium Benzoate (Preservative), Natural Flavors, Polysorbate 80, and Yellow 5.",0,0,null,null,null,null,null,310,0.5,null,null,0,null,null,null,null,null,null,null,null,10,1,oz,28,28,g,https://assets.syndigo.com/3b9a37c1-11a9-4adb-aafc-0091f5a5d4b2,2023-03-15 08:04:57,null,false,204,5afab0eb-0fd0-4a7c-abc8-fa43932340cf,null,null,null,null,null,null,null,null,null,null
Mt Olive,"Pickles, Kosher Petite Dills",51db37e9176fe9790a89a7a5,51c3586d97c3e69de4aff33b,9300002189,2,null,"Cucumbers, Water, Vinegar, Salt, Dehydrated Onion, Dehydrated Garlic, Calcium Chloride (Firming Agent), Sodium Benzoate (Preservative), Natural Flavors, Polysorbate 80, Potassium Metabisulfite (Preservative), and Yellow 5.",0,0,null,null,null,null,null,310,0.5,null,null,0,null,null,null,null,null,null,null,null,29,1,oz,28,28,g,https://assets.syndigo.com/889677ef-f36f-4177-a6da-bd80c2ec5ecf,2023-03-15 08:06:47,null,false,344,5afab0eb-0fd0-4a7c-abc8-fa43932340cf,null,null,null,null,null,null,null,null,null,null
Mt Olive,"Petite Snack Crunchers, Sweet Petite",51db37e9176fe9790a89a7a5,51c3586d97c3e69de4aff33d,9300003384,2,Sweet Petite,"CUCUMBERS, HIGH FRUCTOSE CORN SYRUP, VINEGAR, SALT, CALCIUM CHLORIDE, ALUM, 0.1% SODIUM BENZOATE (PRESERVATIVE), NATURAL FLAVORS, POLYSORBATE 80, AND YELLOW 5.",40,0,null,null,null,null,null,220,10,null,9,0,null,0,0,0,null,null,null,null,11,6,pickles,28,28,g,https://nutritionix-api.s3.amazonaws.com/536a6cb8655f31362ca5bc20.jpeg,2021-09-14 18:03:23,null,null,161,5afab0eb-0fd0-4a7c-abc8-fa43932340cf,null,null,null,null,null,null,null,null,null,null
Mt Olive,"Baby Dills, Kosher",51db37e9176fe9790a89a7a5,51c3586f97c3e69de4aff34b,9300003803,2,Kosher,"Cucumbers, Water, Vinegar, Salt, Calcium Chloride, 0.1% Sodium Benzoate (Preservative), Natural Flavors, Polysorbate 80, Potassium Metabisulfite (Preservative), and Yellow 5.",5,0,null,null,null,null,null,260,1,null,null,0,null,0,0,0,null,null,null,null,20,1,pickle,28,28,g,null,2020-08-24 07:36:34,null,null,19,5afab0eb-0fd0-4a7c-abc8-fa43932340cf,null,null,null,null,null,null,null,null,null,null
Mt. Olive,Kosher Baby Dills,51db37ca176fe9790a899824,51c3586f97c3e69de4aff34c,9300003841,2,"Kosher, Fresh Pack","CUCUMBERS, WATER, VINEGAR, SEA SALT, CALCIUM CHLORIDE (FIRMING AGENT), 0.1% SODIUM BENZOATE (PRESERVATIVE), NATURAL FLAVORS, POLYSORBATE 80, AND TURMERIC (FOR COLOR).",5,0,null,null,null,null,null,260,1,null,null,0,null,null,null,null,null,null,null,null,20,1,pickle,28,28,g,https://nutritionix-api.s3.amazonaws.com/58db604458bf21c0364b6996.jpeg,2021-09-14 18:03:23,null,null,5,5afab0eb-0fd0-4a7c-abc8-fa43932340cf,null,null,null,null,null,null,null,null,null,null
Mt Olive,"Pickles, Kosher Dill Petites",51db37e9176fe9790a89a7a5,51c3587197c3e69de4aff351,9300100120,2,null,"Cucumbers, Water, Vinegar, Salt, Calcium Chloride, 0.1% Sodium Benzoate (Preservative), Alum, Natural Flavors, Polysorbate 80, Potassium Sorbate (Preservative), and Yellow 5.",5,0,null,null,null,null,null,560,1,null,null,0,null,null,null,null,null,null,null,null,4,1,pak,51,51,g,https://assets.syndigo.com/518254e2-89b9-48da-97b2-266858aa5f3a,2023-03-15 08:05:25,null,false,81,5afab0eb-0fd0-4a7c-abc8-fa43932340cf,null,null,null,null,null,null,null,null,null,null
Mt Olive,"Pickles, Old-Fashioned Sweet, Bread & Butter Chips",51db37e9176fe9790a89a7a5,51c3587197c3e69de4aff356,9300006521,2,null,"Cucumbers, Sugar, Water, Vinegar, Sea Salt, Mustard Seeds, Onion Flakes, Calcium Chloride (Firming Agent), Sodium Benzoate (Preservative), Celery Seeds, Polysorbate 80, and Turmeric (for Color).",30,0,null,null,null,null,null,220,7,null,7,0,null,null,null,null,6,null,null,null,16,1,oz,28,28,g,https://assets.syndigo.com/86d0ce67-e7a4-46d3-bbc2-f6865074c751,2023-03-15 08:08:13,null,false,164,5afab0eb-0fd0-4a7c-abc8-fa43932340cf,null,null,null,null,null,null,null,null,null,null
Mt Olive,"Pickles, Kosher Baby Dills",51db37e9176fe9790a89a7a5,51c3587297c3e69de4aff357,9300006538,2,null,"Cucumbers, Water, Vinegar, Sea Salt, Calcium Chloride (Firming Agent), Sodium Benzoate (Preservative), Natural Flavors, Polysorbate 80, and Turmeric (for Color).",0,0,null,null,null,null,null,260,0.5,null,null,0,null,null,null,null,null,null,null,null,15,1,oz,28,28,g,https://assets.syndigo.com/a938cb38-7100-457e-8529-fccb83869143,2023-03-15 08:04:52,null,false,294,5afab0eb-0fd0-4a7c-abc8-fa43932340cf,null,null,null,null,null,null,null,null,null,null
Mt Olive,Kosher Dills,51db37e9176fe9790a89a7a5,51c3587297c3e69de4aff35c,9300128339,2,Kosher,"Cucumbers, Water, Vinegar, Salt, Calcium Chloride, 0.1% Sodium Benzoate (Preservative), Natural Flavors, Polysorbate 80, and Yellow 5.",0,0,null,null,null,null,null,260,0.5,null,null,0,null,null,null,null,null,null,null,null,80,1,oz,28,28,g,https://nutritionix-api.s3.amazonaws.com/53d7f506667205644bdbcd29.jpeg,2020-10-01 14:15:05,null,false,301,5afab0eb-0fd0-4a7c-abc8-fa43932340cf,null,null,null,null,null,null,null,null,null,null
Saranac,Black Cherry Cream Hand-Crafted Soft Drink,51db37ce176fe9790a899bf9,51c3587a97c3e69de4aff388,9450042233,2,Sparkling Lemonade,"CARBONATED WATER, HIGH FRUCTOSE CORN SYRUP, NATURAL & ARTIFICIAL FLAVORS, CITRIC ACID, SODIUM BENZOATE, CARAMEL COLOR, FD&C RED #40, FD&C BLUE #1.",168,0,null,null,null,null,null,15,43,null,43,0,null,null,0,0,null,null,null,null,1,1,bottle,null,355,ml,https://nutritionix-api.s3.amazonaws.com/60ca4006f57e7531302188ce.jpeg,2021-09-12 21:26:06,null,null,1,7d9148c8-ce86-4fb4-9b20-f4b61c1a43c7,null,null,null,null,null,null,null,null,null,null
Tic Tac,"Mints, Fruit Adventure",51db37cb176fe9790a8998e8,51c3588197c3e69de4aff3a9,9800006304,2,null,"Sugar (Adds a Trivial Amount of Calories, Total Sugars and Added Sugars,), Maltodextrin, Tartaric Acid, Gum Arabic, Rice Starch, Natural and Artificial Flavors, Magnesium Stearate, Malic Acid, Citric Acid, Dried Passionfruit, Dried Green Apple, Carnauba Wax, Ascorbic Acid, Yellow 6, Yellow 5, Red 40, Blue 1.",0,0,null,null,null,null,null,0,0,null,null,0,null,null,null,null,null,null,null,null,200,1,mint,0.5,0.5,g,https://assets.syndigo.com/289c31c3-18a5-4bc7-8db2-84705ae69b73,2023-03-15 08:45:46,null,false,79,6d4c5029-f165-4785-9a76-789fa9d18d10,null,null,null,null,null,null,null,null,null,null
Tic Tac,"Mints, Fruit Adventure",51db37cb176fe9790a8998e8,51c3588297c3e69de4aff3b4,9800007608,2,null,"Sugar (Adds a Trivial Amount of Calories, Total Sugars and Added Sugars), Maltodextrin, Tartaric Acid, Gum Arabic, Rice Starch, Natural and Artificial Flavors, Magnesium Stearate, Malic Acid, Citric Acid, Dried Passionfruit, Dried Green Apple, Carnauba Wax, Ascorbic Acid, Yellow 6, Yellow 5, Red 40, Blue 1.",0,0,null,null,null,null,null,0,0,null,null,0,null,null,null,null,null,null,null,null,60,1,mint,0.5,0.5,g,https://assets.syndigo.com/6687e892-9617-469d-b801-cf649405689b,2023-03-15 08:45:34,null,false,44,6d4c5029-f165-4785-9a76-789fa9d18d10,null,null,null,null,null,null,null,null,null,null
Emerald,"Pecans, Glazed, Pecan Pie",51db37c9176fe9790a8996ad,51c358ab97c3e69de4aff454,10300102793,2,"Glazed, Pecan Pie","PECANS, SUGAR, TAPIOCA SYRUP, SALT, VEGETABLE AND NUT OIL BLEND (ALMOND, BRAZIL NUT, CANOLA, CASHEW, PEANUT, PECAN, SAFFLOWER, SUNFLOWER, AND/OR WALNUT OILS), SOY LECITHIN, ROSEMARY EXTRACT.",150,11,1,0,3.5,6,0,125,12,1,10,1,0,0,0,0.4,9,null,null,null,5,3,tbsps,28,28,g,null,2021-09-14 18:03:37,null,null,381,3bb25947-6bc7-4180-a998-c07247edc066,null,null,null,null,null,null,null,null,null,null
Emerald,100 Calorie Packs Natural Almonds,51db37c9176fe9790a8996ad,51c358af97c3e69de4aff468,10300343257,2,Natural,"ALMONDS, VEGETABLE AND NUT OIL BLEND (ALMOND, BRAZIL NUT, CANOLA, CASHEW, PEANUT, PECAN, SAFFLOWER, SUNFLOWER AND/OR WALNUT OILS).",100,9,0.5,0,2,6,0,0,4,2,1,4,130,0,52,0.72,null,null,null,null,7,1,package,123,123,g,https://nutritionix-api.s3.amazonaws.com/536a6d2fc0d75149309c5720.jpeg,2022-09-05 19:47:41,null,false,106,b26e1659-a54e-48c4-a4fc-86aee390fc4d,null,null,null,null,null,null,null,null,null,null
Emerald,"Almonds, Dry Roasted",51db37c9176fe9790a8996ad,51c358b097c3e69de4aff46d,10300348955,2,Dry Roasted,"ALMONDS, SEASONING (MALTODEXTRIN, SALT, SUGAR, YEAST EXTRACT, PAPRIKA, ONION POWDER, GARLIC POWDER, NATURAL FLAVORS), VEGETABLE AND NUT OIL BLEND (ALMOND, BRAZIL NUT, CANOLA, CASHEW, PEANUT, PECAN, SAFFLOWER, SUNFLOWER AND/OR WALNUT OILS), CORN STARCH, SOY LECITHIN.",100,8,0.5,0,2,5,0,130,4,2,0.5,4,120,0,50,0.6,0.5,null,null,null,7,1,package,18,18,g,https://nutritionix-api.s3.amazonaws.com/5e27fe702d688d6739e13a3a.jpeg,2021-09-14 18:03:39,null,null,72,b26e1659-a54e-48c4-a4fc-86aee390fc4d,null,null,null,null,null,null,null,null,null,null
Emerald,Natural Almonds & Walnuts,51db37c9176fe9790a8996ad,51c358b197c3e69de4aff471,10300543251,2,Natural,"Walnuts, Almonds.",100,9,1,0,4.5,3,0,0,3,2,0.5,3,90,0,30,0.5,0,null,null,null,7,1,pack,15.8,15.8,g,https://nutritionix-api.s3.amazonaws.com/617170bf4b43aa00089cfa8b.jpeg,2021-10-21 13:53:03,null,true,405,8fefd82b-802e-4657-9fe4-4560816e60bb,null,null,null,null,null,null,null,null,null,null
Emerald,"100 Calorie Packs Cocoa Roast Almonds, Dark Chocolate",51db37c9176fe9790a8996ad,51c358ba97c3e69de4aff498,10300843252,2,"Cocoa Roast, Dark Chocolate Flavor","ALMONDS, COCOA ROAST SEASONING (SUGAR, COCOA POWDER (PROCESSED WITH ALKALI), POTATO STARCH, SALT, GUM ARABIC, MALTODEXTRIN, STEVIA LEAF EXTRACT, NATURAL FLAVOR), SUGAR, VEGETABLE OIL (CONTAINS ONE OR MORE OF THE FOLLOWING: CANOLA OIL, SAFLLOWER OIL, SUNFLOWER OIL), CORN STARCH, SOY LECITHIN.",100,9,0.5,0,null,null,0,15,4,2,1,4,null,0,52,0.72,null,null,null,null,7,1,package,17.5,17.5,g,https://nutritionix-api.s3.amazonaws.com/536a6d7fa0ec3c690b543383.jpeg,2022-08-28 17:25:40,null,false,42,b26e1659-a54e-48c4-a4fc-86aee390fc4d,null,null,null,null,null,null,null,null,null,null
Heath,"Milk Chocolate English Toffee Bar, Miniatures",51db37d3176fe9790a899f0e,51c358f797c3e69de4aff57b,10700062000,2,"Miniatures, Classic Bag","MILK CHOCOLATE (SUGAR; COCOA BUTTER; CHOCOLATE; NONFAT MILK; MILK FAT; LACTOSE; SALT; SOY LECITHIN; VANILLIN, ARTIFICIAL FLAVOR); SUGAR; PALM OIL; DAIRY BUTTER (MILK); ALMONDS (ROASTED IN COCOA BUTTER AND/OR SUNFLOWER OIL); CONTAINS 2% OR LESS OF: SALT; ARTIFICIAL FLAVOR; SOY LECITHIN.",230,14,7,0,null,null,10,150,27,0.5,26,1,null,null,null,null,null,null,null,null,8,6,pieces,43,43,g,https://nutritionix-api.s3.amazonaws.com/5970573c4f351876343bb27e.jpeg,2021-09-14 18:03:48,null,null,1,78dd4d18-a4ab-4083-b768-e17c69d72815,null,null,null,null,null,null,null,null,null,null
Hershey's,Mini Robin Eggs,51db37c8176fe9790a8995ca,51c3591997c3e69de4aff5ea,10700500502,2,null,"Sugar, Dextrose, Whey, Fractionated, Partially Hydrogenated Palm Kernel Oil, Corn Syrup Solids, Corn Syrup. Contains 2% or Less of: Malted Milk (Contains Wheat Flour, and Malted Barley Extract, Milk, Salt, and Sodium Bicarbonate), Cocoa, Carob, Artificial Colorings (Includes Blue 1, Red 40, Yellow 5, Yellow 6, Blue 1 Lake, Red 40 Lake, and Yellow 5 Lake), Tapioca Dextrin, Sorbitan Tristearate, Soya Lecithin (an Emulsifier), Artificial Flavorings, Carnauba Wax, Calcium Carbonate, Salt, and Resinous Glaze.",140,4,4,0,null,null,0,50,25,0,21,0,94,0,26,0,19,null,null,null,3.5,18,pieces,31,31,g,null,2021-03-10 14:01:13,null,true,130,78dd4d18-a4ab-4083-b768-e17c69d72815,null,null,null,null,null,null,null,null,null,null
Jolly Rancher,"Hard Candy, Original Flavors",51db37d4176fe9790a899f16,51c3593297c3e69de4aff653,10700702302,2,Original Flavors,"Corn Syrup, Sugar, Contains 2% or Less of: Malic Acid, Natural and Artificial Flavor, Artificial Color (Red 40, Blue 1, Yellow 5, Yellow 6).",70,0,null,null,null,null,null,0,17,null,11,0,null,null,null,null,11,null,null,null,11,3,pieces,18,18,g,null,2022-11-01 11:02:18,null,true,95,78dd4d18-a4ab-4083-b768-e17c69d72815,null,null,null,null,null,null,null,null,null,null
Jolly Rancher,"Hard Candy, Sugar Free, Assorted",51db37d4176fe9790a899f16,51c3593797c3e69de4aff677,10700702807,2,"Sugar Free, Assorted",ISOMALT; POLYGLUCITOL SYRUP; CONTAINS 2% OR LESS OF: MALIC ACID; NATURAL AND ARTIFICIAL FLAVOR; ACESULFAME POTASSIUM; ARTIFICIAL COLOR (RED 40; BLUE 1; YELLOW 5; YELLOW 6).,35,0,0,0,null,null,0,0,15,0,0,0,0,0,0,0,0,null,null,null,6,4,pieces,16,16,g,null,2021-09-14 18:03:51,null,null,280,78dd4d18-a4ab-4083-b768-e17c69d72815,null,null,null,null,null,null,null,null,null,null
Ling Ling,"Potstickers, Pork & Vegetable Dumplings",51db37e9176fe9790a89a7d0,51c3594297c3e69de4aff6b7,10878015600,2,Pork & Vegetable Dumplings,"FILLING: PORK, CABBAGE, GREEN ONIONS, SUGAR, EXPELLER PRESSED VEGETABLE OIL (SOYBEAN AND/OR CANOLA), SALT, SOY SAUCE (WATER, WHEAT, SOYBEANS, SALT), GINGER, EXPELLER PRESSED SESAME SEED OIL, GARLIC, SPICE. WRAPPER: WHEAT FLOUR, WATER, CORN STARCH, VEGETABLE OIL (SOYBEAN AND/OR CANOLA). SOY SAUCE (WATER, WHEAT, SOYBEANS, SALT, VINEGAR), WATER, SUGAR, DISTILLED VINEGAR, MOLASSES, SALT, EXPELLER PRESSED CANOLA AND SESAME OILS, NATURAL FLAVOR, CORN STARCH, GINGER AND GARLIC POWDER, SPICES.",280,8,2.5,0,null,null,25,640,38,2,4,12,null,null,null,null,null,null,null,null,4,5,pieces,145,145,g,https://nutritionix-api.s3.amazonaws.com/5a03ff54266acb58449a249e.jpeg,2021-09-14 18:03:52,null,null,174,0c50d7c5-57ff-4df8-aee0-539da44f2acb,null,null,null,null,null,null,null,null,null,null
Ling Ling,"Potstickers, Chicken & Vegetable Dumplings",51db37e9176fe9790a89a7d0,51c3595597c3e69de4aff720,10878015594,2,Chicken & Vegetable Dumplings,"FILLING: CABBAGE, CHICKEN, GREEN ONION, SUGAR, EXPELLER PRESSED VEGETABLE OIL (SOYBEAN AND/OR CANOLA OIL), SALT, CHICKEN BROTH, GINGER, EXPELLER PRESSED SESAME SEED OIL, GARLIC, SPICE. WRAPPER: WHEAT FLOUR, WATER, CORN STARCH, EXPELLER PRESSED VEGETABLE OIL (SOYBEAN AND/OR CANOLA).  SOY SAUCE (WATER, WHEAT, SOYBEANS, SALT, VINEGAR), WATER, SUGAR, DISTILLED VINEGAR, MOLASSES, SALT, EXPELLER PRESSED CANOLA AND SESAME OILS, NATURAL FLAVOR, CORN STARCH, GINGER AND GARLIC POWDER, SPICES.",260,7,1.5,0,null,null,35,600,39,2,4,12,null,0,26,1.08,null,null,null,null,4,5,pieces,145,145,g,null,2021-09-14 18:03:52,null,null,177,0c50d7c5-57ff-4df8-aee0-539da44f2acb,null,null,null,null,null,null,null,null,null,null
Private Selection,"Ice Cream, Double Vanilla",51db37ca176fe9790a89980c,51c3596597c3e69de4aff78d,11110004536,2,Double Vanilla,"Ice Cream - Milk, Cream, Sugar, Corn Syrup, Whey Protein Concentrate, Natural and Artificial Flavors, Polypropylene Glycol Monoesters, Guar Gum, Cellulose Gel, Mono and Diglycerides, Locust Bean Gum, Cellulose Gel, Mono and Diglycerides, Locust Bean Gum, Cellulose Gum, Carrageenan, Annatto (for Color).",210,11,7,0.5,null,null,50,50,23,0,18,4,null,null,100,0,null,null,null,null,12,0.5,cup,93,93,g,https://nutritionix-api.s3.amazonaws.com/5927d5f0b1f6eff37c1e6a03.jpeg,2017-05-26 07:14:57,null,null,102,6921f5ef-3cda-4458-b246-27c055146d5a,null,null,null,null,null,null,null,null,null,null
Private Selection,"Ice Cream, Crushed Vanilla Bean",51db37ca176fe9790a89980c,51c3596597c3e69de4aff78e,11110004543,2,Crushed Vanilla Bean,"MILK, CREAM, SUGAR, CORN SYRUP, WHEY PROTEIN CONCENTRATE, PROPYLENE GLYCOL MONOESTERS, GUAR GUM, CELLULOSE GEL, MONO- AND DIGLYCERIDES, NATURAL AND ARTIFICIALLY FLAVORS, LOCUST BEAN GUM, VANILLA BEAN, CELLULOSE GUM, CARRAGEENAN.",210,11,7,null,null,null,50,50,23,0,18,4,null,null,null,null,null,null,null,null,12,0.5,cup,93,93,g,null,2021-09-14 18:03:55,null,null,264,6921f5ef-3cda-4458-b246-27c055146d5a,null,null,null,null,null,null,null,null,null,null
Kroger,"Corn Chips, Original",51db37b9176fe9790a898bdd,51c3596b97c3e69de4aff7af,11110095718,2,Original,"CORN, VEGETABLE OIL (CANOLA, CORN COTTONSEED, SOYBEAN AND/OR SUNFLOWER), SALT.",160,9,1.5,0,5,2.5,0,160,16,1,0.5,2,null,null,null,null,null,null,null,null,10,31,chips,28,28,g,https://nutritionix-api.s3.amazonaws.com/54a6cb4f9b16f1870ddaedef.jpeg,2021-09-14 18:04:12,null,null,0,7759c2a7-feb5-4716-9f96-cb6146cf5aec,null,null,null,null,null,null,null,null,null,null
Private Selection,"Roast Beef, Homestyle, Slow Roasted",51db37ca176fe9790a89980c,51c3597897c3e69de4aff7f7,11110213815,2,"Homestyle, Slow Roasted","Solution: Water, Contains Less than 2% Sodium Dextrose, Hydrolyzed Soy Protein, Sodium Phosphate, Natural Flavor, Hydrolyzed Corn Protein, Sodium Diacetate. Coated with: Maltodextrin, Dextrose, Caramel Color. Gluten free.",70,2,1,0,null,null,25,500,2,0,1,10,null,null,0,1.08,null,null,null,null,3,3,slices,59,59,g,null,2023-01-26 11:02:30,null,false,79,5f01eb2d-a31b-4f11-abe3-878b4988a16b,null,null,null,null,null,null,null,null,null,null
Kroger,Pretzel Sticks,51db37b9176fe9790a898bdd,51c3598297c3e69de4aff83e,11110094971,2,null,"Enriched Wheat Flour (Wheat Flour, Niacin, Reduced Iron, Thiamin Mononitrate, Riboflavin, Folic Acid), Salt, Malt, Partially Hydrogenated Soybean Oil, Yeast, Sodium Bicarbonate.",120,1,0,0,0,0,0,320,24,0.5,0,3,0,0,0,1.4,0,null,null,null,14,42,pretzels,30,30,g,https://nutritionix-api.s3.amazonaws.com/635913956d937900062b16dd.jpeg,2022-10-26 11:01:41,null,true,141,3dae7945-d114-4bf1-ac6e-83f3905b58cb,null,null,null,null,null,null,null,null,null,null
Kroger,1% Lowfat Milk Grade A Vitamin A&D,51db37b9176fe9790a898bdd,51c3598397c3e69de4aff843,11110416605,2,1% Lowfat,"Milk, Skim Milk, Vitamin A Palmitate and Vitamin D3.",100,2.5,1.5,0,null,null,15,105,12,0,12,8,376,2,325,0,0,null,null,null,16,8,fl oz,null,240,ml,https://nutritionix-api.s3.amazonaws.com/5360036867efca3d4b64cd01.jpeg,2021-07-29 13:53:19,null,true,287,2b8480ca-4216-4d01-8092-d57af46f2781,null,null,null,null,null,null,null,null,null,null
Kroger,Blueberry Lite Nonfat Yogurt,51db37b9176fe9790a898bdd,51c3598697c3e69de4aff858,11110453082,2,"Nonfat, Lite, Blueberry","Cultured Nonfat Milk, Blueberries, Modified Corn Starch, Whey Protein Concentrate, Natural Flavor, Gelatin, Tricalcium Phosphate, Soluble Corn Fiber, Pectin, Agar, Citric Acid, Cultured Dextrose, Sucralose, Neotame, Acesulfame Potassium, Vitamin A Palmitate, Vitamin D3, and Active Cultures with L. Acidophilus and B. Bifidum.",80,0,0,0,null,null,5,120,12,1,10,7,null,null,null,null,null,null,null,null,1,1,container,170,170,g,https://nutritionix-api.s3.amazonaws.com/5b5c1ea883c1d00f5d4e2019.jpeg,2018-07-28 07:43:36,null,null,48,1bb46163-eadc-4a48-9a64-dae9ddeb5d18,null,null,null,null,null,null,null,null,null,null